user_id,username,user_pass,show_admin_bar_front,category,sub_category,role,first_name,last_name,company_name,user_email,user_registered,avatar,gallery,facebook,twitter,linkedin,pinterest,google_plus,tumblr,instagram,skype,activation_status,address,latitude,longitude,tag_line,phone,fax,user_url,profile_languages,zip,verify_user,privacy,country,city,description
3001,Xaraar,google,FALSE,39,packer-movers,business,,,Xaraar Movers,xaraar@themographics.com,4/20/2016 10:03,256,173|174|175|176|177|178|180|182,#,#,#,#,#,#,#,xavier,active,"9 Walnut Cl, London SE8 5HU, UK",51.480797,-0.029979,Leading You From Dark To Bright Future,(016977) 6105,202-555-0125,www.company.com,,N1,on,"||profile_photo:on
||profile_banner:on
||profile_appointment:on
||profile_contact:on
||profile_hours:on
||profile_service:on
||profile_team:on
||profile_gallery:on
||profile_videos:on",united-kingdom,brighton,"Lorem ipsum dolor sit amet, consectetur adipisicing elit, sed do eiusmod tempor incididunt ut labore et dolore magna aliquat enim ad minim veniam. Eascxcepteur sint occaecat cupidatat non proident, sunt in culpa qui officia deserunt."
3002,Themo,google,FALSE,13,dentist,professional,Dr Alex,Midwo,,midwo@themographics.com,4/20/2016 10:03,256,173|174|175|176|177|178|180|182,#,#,#,#,#,#,#,midwo,active,"9 Walnut Cl, London SE8 5HU, UK",51.480797,-0.029979,Leading You From Dark To Bright Future,(016977) 6105,202-555-0125,www.company.com,,N1,on,"||profile_photo:on
||profile_banner:on
||profile_appointment:on
||profile_contact:on
||profile_hours:on
||profile_service:on
||profile_team:on
||profile_gallery:on
||profile_videos:on",united-kingdom,brighton,"Lorem ipsum dolor sit amet, consectetur adipisicing elit, sed do eiusmod tempor incididunt ut labore et dolore magna aliquat enim ad minim veniam. Eascxcepteur sint occaecat cupidatat non proident, sunt in culpa qui officia deserunt."
